Николай;Dmitriev;;"Не указано";1;"+7 (568) 464-8646"
﻿Nikolay;Dmitriev;;"Не указано";1;"+7 (568) 464-8646"
﻿Nikolay;Dmitriev;;"Не указано";1;"+7 (568) 464-8646"
﻿Nikolay;;"Не указано";"Не указано";"Не указано";"+7 (568) 464-8646"
﻿Nikolay;Dmitriev;"Не указано";"Не указано";"Не указано";"+7 (568) 464-8646"
﻿Nikolay;Dmitriev;"Не указано";"Не указано";"Не указано";"+7 (568) 464-8646"
﻿Nikolay;Dmitriev;"Не указано";"Не указано";"Не указано";"+7 (568) 464-8646"
﻿Nikolay;Dmitriev;"Не указано";"Не указано";"Не указано";"+7 (568) 464-8646"
﻿Nikolay;Dmitriev;"Не указано";"Не указано";"Не указано";"+7 (568) 464-8646"
﻿Nikolay;Dmitriev;"Не указано";"Не указано";"Не указано";"+7 (568) 464-8646"
﻿;;"Не указано";"Не указано";"Не указано";"+7 "
﻿Nikolay;Dmitriev;"Не указано";"Не указано";"Не указано";"+7 (568) 464-8646"
﻿Nikolay;Dmitriev;"Не указано";"Не указано";"Не указано";"+7 (568) 464-8646"
﻿;;2019-01-07;"Не указано";"Не указано";"+7 "
﻿Nikolay;Dmitriev;0000-00-00;"Не указано";"Не указано";"+7 (568) 464-8646"
